{
  "HTTP Request-1" : {
    "transaction" : "HTTP Request-1",
    "sampleCount" : 3,
    "errorCount" : 0,
    "errorPct" : 0.0,
    "meanResTime" : 482.0,
    "medianResTime" : 484.0,
    "minResTime" : 473.0,
    "maxResTime" : 489.0,
    "pct1ResTime" : 489.0,
    "pct2ResTime" : 489.0,
    "pct3ResTime" : 489.0,
    "throughput" : 0.00483362657334545,
    "receivedKBytesPerSec" : 0.25129980498330784,
    "sentKBytesPerSec" : 6.136439985692465E-4
  },
  "Total" : {
    "transaction" : "Total",
    "sampleCount" : 9,
    "errorCount" : 0,
    "errorPct" : 0.0,
    "meanResTime" : 593.1111111111111,
    "medianResTime" : 484.0,
    "minResTime" : 390.0,
    "maxResTime" : 913.0,
    "pct1ResTime" : 913.0,
    "pct2ResTime" : 913.0,
    "pct3ResTime" : 913.0,
    "throughput" : 0.014491703499746395,
    "receivedKBytesPerSec" : 0.5088292464716728,
    "sentKBytesPerSec" : 0.0024530227278216554
  },
  "HTTP Request-0" : {
    "transaction" : "HTTP Request-0",
    "sampleCount" : 3,
    "errorCount" : 0,
    "errorPct" : 0.0,
    "meanResTime" : 406.6666666666667,
    "medianResTime" : 392.0,
    "minResTime" : 390.0,
    "maxResTime" : 438.0,
    "pct1ResTime" : 438.0,
    "pct2ResTime" : 438.0,
    "pct3ResTime" : 438.0,
    "throughput" : 0.004834265272249706,
    "receivedKBytesPerSec" : 0.003276347752872359,
    "sentKBytesPerSec" : 6.137250833910759E-4
  },
  "HTTP Request" : {
    "transaction" : "HTTP Request",
    "sampleCount" : 3,
    "errorCount" : 0,
    "errorPct" : 0.0,
    "meanResTime" : 890.6666666666666,
    "medianResTime" : 882.0,
    "minResTime" : 877.0,
    "maxResTime" : 913.0,
    "pct1ResTime" : 913.0,
    "pct2ResTime" : 913.0,
    "pct3ResTime" : 913.0,
    "throughput" : 0.004830567833248799,
    "receivedKBytesPerSec" : 0.2544146232358364,
    "sentKBytesPerSec" : 0.0012265113639108277
  }
}